{
    "root_group": {
        "name": "",
        "path": "",
        "id": "d41d8cd98f00b204e9800998ecf8427e",
        "groups": {},
        "checks": {}
    },
    "metrics": {
        "reconnect_success_total": {
            "count": 1200,
            "rate": 18.08953626345861
        },
        "data_received": {
            "count": 977671968,
            "rate": 14738027.099085785
        },
        "hold_duration_sec": {
            "p(99)": 30,
            "avg": 19.85333333333333,
            "min": 10,
            "med": 20,
            "max": 30,
            "p(90)": 28,
            "p(95)": 29
        },
        "ws_connect_failures_total": {
            "count": 13,
            "rate": 0.19596997618746825
        },
        "ws_msgs_sent": {
            "count": 1164692,
            "rate": 17557.281808133444
        },
        "http_req_tls_handshaking": {
            "min": 0,
            "med": 0,
            "max": 0,
            "p(90)": 0,
            "p(95)": 0,
            "p(99)": 0,
            "avg": 0
        },
        "ws_sessions": {
            "count": 2400,
            "rate": 36.17907252691722
        },
        "iterations": {
            "count": 1200,
            "rate": 18.08953626345861
        },
        "http_req_duration": {
            "med": 5.6677029999999995,
            "max": 6.36677,
            "p(90)": 6.226956599999999,
            "p(95)": 6.2968633,
            "p(99)": 6.35278866,
            "avg": 5.6677029999999995,
            "min": 4.968636
        },
        "move_ack_total": {
            "count": 662546,
            "rate": 9987.624911007872
        },
        "ws_connecting": {
            "max": 29000.975203,
            "p(90)": 19238.657939599998,
            "p(95)": 21795.420007549998,
            "p(99)": 23106.228069569996,
            "avg": 12438.65358965291,
            "min": 115.672562,
            "med": 14903.1756065
        },
        "http_req_duration{expected_response:true}": {
            "med": 5.6677029999999995,
            "max": 6.36677,
            "p(90)": 6.226956599999999,
            "p(95)": 6.2968633,
            "p(99)": 6.35278866,
            "avg": 5.6677029999999995,
            "min": 4.968636
        },
        "http_req_receiving": {
            "p(99)": 3.23674777,
            "avg": 2.5829294999999997,
            "min": 1.915768,
            "med": 2.5829294999999997,
            "max": 3.250091,
            "p(90)": 3.1166587,
            "p(95)": 3.18337485
        },
        "move_sent_total": {
            "count": 1162305,
            "rate": 17521.298705582714
        },
        "http_reqs": {
            "count": 2,
            "rate": 0.030149227105764346
        },
        "http_req_connecting": {
            "p(90)": 2.0125298999999996,
            "p(95)": 2.03335695,
            "p(99)": 2.0500185899999996,
            "avg": 1.8459135,
            "min": 1.637643,
            "med": 1.8459135,
            "max": 2.054184
        },
        "ws_msgs_received": {
            "count": 1756076,
            "rate": 26472.167069491115
        },
        "move_latency_ms": {
            "p(90)": 1584,
            "p(95)": 1817,
            "p(99)": 2011,
            "avg": 535.5842869778098,
            "min": -2,
            "med": 247,
            "max": 6427
        },
        "http_req_blocked": {
            "med": 3.627473,
            "max": 5.515994,
            "p(90)": 5.1382898,
            "p(95)": 5.3271419,
            "p(99)": 5.47822358,
            "avg": 3.627473,
            "min": 1.738952
        },
        "reconnect_attempts_total": {
            "count": 1200,
            "rate": 18.08953626345861
        },
        "http_req_waiting": {
            "p(95)": 3.0069586,
            "p(99)": 3.00824692,
            "avg": 2.992465,
            "min": 2.976361,
            "med": 2.992465,
            "max": 3.008569,
            "p(90)": 3.0053482000000002
        },
        "ws_session_duration": {
            "avg": 22352.780561213764,
            "min": 198.020722,
            "med": 23554.1157415,
            "max": 37870.563581,
            "p(90)": 32361.6692917,
            "p(95)": 33244.93336145,
            "p(99)": 35884.41356436999
        },
        "move_latency_p99_track_ms": {
            "p(95)": 1817,
            "p(99)": 2011,
            "avg": 535.5842869778098,
            "min": -2,
            "med": 247,
            "max": 6427,
            "p(90)": 1584
        },
        "http_req_sending": {
            "p(99)": 0.10779396999999999,
            "avg": 0.0923085,
            "min": 0.076507,
            "med": 0.0923085,
            "max": 0.10811,
            "p(90)": 0.1049497,
            "p(95)": 0.10652985
        },
        "iteration_duration": {
            "p(90)": 62078.97373510001,
            "p(95)": 63753.24449899999,
            "p(99)": 65206.527511390006,
            "avg": 44721.07135742007,
            "min": 22490.907214,
            "med": 43919.397754,
            "max": 66070.023673
        },
        "http_req_failed": {
            "passes": 0,
            "fails": 2,
            "value": 0
        },
        "vus_max": {
            "value": 1200,
            "min": 1200,
            "max": 1200
        },
        "ws_unexpected_closes": {
            "count": 2387,
            "rate": 35.98310255072975
        },
        "move_timeouts_total": {
            "count": 364530,
            "rate": 5495.148878432138
        },
        "data_sent": {
            "count": 119818009,
            "rate": 1806210.1823507582
        },
        "redis_ops_total": {
            "count": 13674,
            "rate": 206.13026572211083
        },
        "vus": {
            "value": 7,
            "min": 7,
            "max": 1200
        }
    },
    "setup_data": {
        "initialOps": 2933,
        "startedAt": 1771510321261
    }
}