{
    "root_group": {
        "name": "",
        "path": "",
        "id": "d41d8cd98f00b204e9800998ecf8427e",
        "groups": {},
        "checks": {}
    },
    "metrics": {
        "http_req_failed": {
            "passes": 0,
            "fails": 2,
            "value": 0
        },
        "http_req_connecting": {
            "p(99)": 2.5053234499999997,
            "avg": 2.1822395,
            "min": 1.852562,
            "med": 2.1822395,
            "max": 2.511917,
            "p(90)": 2.4459815000000003,
            "p(95)": 2.47894925
        },
        "vus_max": {
            "max": 1500,
            "value": 1500,
            "min": 1500
        },
        "ws_connecting": {
            "max": 3119.737248,
            "p(90)": 2286.5829608,
            "p(95)": 2313.9402555999995,
            "p(99)": 3105.76398333,
            "avg": 965.7255608616679,
            "min": 0.474942,
            "med": 214.4183515
        },
        "move_sent_total": {
            "count": 229905,
            "rate": 7402.027062701419
        },
        "ws_unexpected_closes": {
            "rate": 15.3575037902985,
            "count": 477
        },
        "http_req_receiving": {
            "max": 4.51009,
            "p(90)": 4.3045824,
            "p(95)": 4.4073362,
            "p(99)": 4.48953924,
            "avg": 3.482552,
            "min": 2.455014,
            "med": 3.482552
        },
        "move_latency_ms": {
            "max": 141,
            "p(90)": 13,
            "p(95)": 18,
            "p(99)": 27,
            "avg": 4.961545326710173,
            "min": 0,
            "med": 2
        },
        "ws_msgs_sent": {
            "count": 230382,
            "rate": 7417.384566491717
        },
        "reconnect_attempts_total": {
            "count": 1500,
            "rate": 48.294037076410376
        },
        "http_req_duration": {
            "p(99)": 10.24639237,
            "avg": 8.159157500000001,
            "min": 6.029326,
            "med": 8.159157500000001,
            "max": 10.288989,
            "p(90)": 9.863022700000002,
            "p(95)": 10.076005850000001
        },
        "http_req_duration{expected_response:true}": {
            "max": 10.288989,
            "p(90)": 9.863022700000002,
            "p(95)": 10.076005850000001,
            "p(99)": 10.24639237,
            "avg": 8.159157500000001,
            "min": 6.029326,
            "med": 8.159157500000001
        },
        "hold_duration_sec": {
            "max": 30,
            "p(90)": 28,
            "p(95)": 30,
            "p(99)": 30,
            "avg": 19.718,
            "min": 10,
            "med": 19
        },
        "move_ack_total": {
            "count": 229699,
            "rate": 7395.394681609592
        },
        "iteration_duration": {
            "min": 1846.681218,
            "med": 2375.1359844999997,
            "max": 30932.470348,
            "p(90)": 16237.927218800001,
            "p(95)": 24067.97669305,
            "p(99)": 29326.939418529997,
            "avg": 5010.992507865999
        },
        "http_req_waiting": {
            "avg": 4.567246,
            "min": 3.399697,
            "med": 4.567246,
            "max": 5.734795,
            "p(90)": 5.5012852,
            "p(95)": 5.6180401,
            "p(99)": 5.71144402
        },
        "http_req_blocked": {
            "max": 5.440374,
            "p(90)": 5.1595294,
            "p(95)": 5.2999517,
            "p(99)": 5.41228954,
            "avg": 4.036151,
            "min": 2.631928,
            "med": 4.036151
        },
        "http_req_tls_handshaking": {
            "avg": 0,
            "min": 0,
            "med": 0,
            "max": 0,
            "p(90)": 0,
            "p(95)": 0,
            "p(99)": 0
        },
        "data_received": {
            "count": 184589723,
            "rate": 5943055.284324215
        },
        "http_reqs": {
            "count": 2,
            "rate": 0.06439204943521384
        },
        "ws_msgs_received": {
            "count": 483405,
            "rate": 15563.719328614772
        },
        "iterations": {
            "count": 1500,
            "rate": 48.294037076410376
        },
        "http_req_sending": {
            "min": 0.044104,
            "med": 0.1093595,
            "max": 0.174615,
            "p(90)": 0.16156389999999998,
            "p(95)": 0.16808944999999997,
            "p(99)": 0.17330989,
            "avg": 0.1093595
        },
        "vus": {
            "value": 1,
            "min": 1,
            "max": 1500
        },
        "reconnect_success_total": {
            "count": 1500,
            "rate": 48.294037076410376
        },
        "redis_ops_total": {
            "count": 5058,
            "rate": 162.8474930216558
        },
        "data_sent": {
            "count": 24731324,
            "rate": 796250.3188031452
        },
        "move_latency_p99_track_ms": {
            "med": 2,
            "max": 141,
            "p(90)": 13,
            "p(95)": 18,
            "p(99)": 27,
            "avg": 4.961545326710173,
            "min": 0
        },
        "ws_session_duration": {
            "p(95)": 12016.47799185,
            "p(99)": 14748.36602705999,
            "avg": 2500.622354868668,
            "min": 0.491943,
            "med": 1756.8422620000001,
            "max": 15929.356097,
            "p(90)": 8166.546333899998
        },
        "ws_sessions": {
            "count": 3000,
            "rate": 96.58807415282075
        }
    },
    "setup_data": {
        "initialOps": 42805,
        "startedAt": 1771511889522
    }
}