{
    "metrics": {
        "http_req_duration{expected_response:true}": {
            "avg": 20.554792,
            "min": 6.902118,
            "med": 20.554792,
            "max": 34.207466,
            "p(90)": 31.476931199999996,
            "p(95)": 32.842198599999996
        },
        "iteration_duration": {
            "avg": 3015.773171,
            "min": 3015.773171,
            "med": 3015.773171,
            "max": 3015.773171,
            "p(90)": 3015.773171,
            "p(95)": 3015.773171
        },
        "http_req_duration": {
            "max": 34.207466,
            "p(90)": 31.476931199999996,
            "p(95)": 32.842198599999996,
            "avg": 20.554792,
            "min": 6.902118,
            "med": 20.554792
        },
        "http_req_blocked": {
            "avg": 11.901342999999999,
            "min": 4.353627,
            "med": 11.901343,
            "max": 19.449059,
            "p(90)": 17.9395158,
            "p(95)": 18.6942874
        },
        "redis_ops_total": {
            "count": 463,
            "rate": 148.67950531771166
        },
        "vus_max": {
            "value": 1,
            "min": 1,
            "max": 1
        },
        "ws_msgs_sent": {
            "count": 152,
            "rate": 48.81055034188374
        },
        "http_req_receiving": {
            "avg": 16.113709,
            "min": 1.963948,
            "med": 16.113709,
            "max": 30.26347,
            "p(90)": 27.4335178,
            "p(95)": 28.8484939
        },
        "reconnect_attempts_total": {
            "count": 1,
            "rate": 0.3211220417229193
        },
        "iterations": {
            "count": 1,
            "rate": 0.3211220417229193
        },
        "data_sent": {
            "count": 16534,
            "rate": 5309.431837846748
        },
        "http_req_failed": {
            "fails": 2,
            "passes": 0,
            "value": 0
        },
        "ws_unexpected_closes": {
            "rate": 0.6422440834458386,
            "count": 2
        },
        "ws_session_duration": {
            "p(90)": 1507.7715971999999,
            "p(95)": 1507.7771126,
            "avg": 1507.7274739999998,
            "min": 1507.67232,
            "med": 1507.7274739999998,
            "max": 1507.782628
        },
        "http_reqs": {
            "count": 2,
            "rate": 0.6422440834458386
        },
        "ws_sessions": {
            "count": 2,
            "rate": 0.6422440834458386
        },
        "move_sent_total": {
            "count": 150,
            "rate": 48.1683062584379
        },
        "reconnect_success_total": {
            "count": 1,
            "rate": 0.3211220417229193
        },
        "move_ack_total": {
            "count": 150,
            "rate": 48.1683062584379
        },
        "move_latency_p99_track_ms": {
            "avg": 4,
            "min": 0,
            "med": 4,
            "max": 9,
            "p(90)": 5,
            "p(95)": 6
        },
        "vus": {
            "value": 1,
            "min": 1,
            "max": 1
        },
        "ws_msgs_received": {
            "count": 161,
            "rate": 51.70064871739001
        },
        "hold_duration_sec": {
            "avg": 3,
            "min": 3,
            "med": 3,
            "max": 3,
            "p(90)": 3,
            "p(95)": 3
        },
        "http_req_connecting": {
            "avg": 2.706103,
            "min": 1.889642,
            "med": 2.706103,
            "max": 3.522564,
            "p(90)": 3.3592718,
            "p(95)": 3.4409178999999996
        },
        "http_req_tls_handshaking": {
            "p(90)": 0,
            "p(95)": 0,
            "avg": 0,
            "min": 0,
            "med": 0,
            "max": 0
        },
        "ws_connecting": {
            "p(95)": 5.4721506,
            "avg": 5.3041979999999995,
            "min": 5.117584,
            "med": 5.3041979999999995,
            "max": 5.490812,
            "p(90)": 5.4534892
        },
        "http_req_sending": {
            "med": 0.47223550000000003,
            "max": 0.782259,
            "p(90)": 0.7202543,
            "p(95)": 0.75125665,
            "avg": 0.47223550000000003,
            "min": 0.162212
        },
        "move_latency_ms": {
            "p(95)": 6,
            "avg": 4,
            "min": 0,
            "med": 4,
            "max": 9,
            "p(90)": 5
        },
        "data_received": {
            "count": 84435,
            "rate": 27113.939592874693
        },
        "http_req_waiting": {
            "p(95)": 4.137204649999999,
            "avg": 3.9688475,
            "min": 3.781784,
            "med": 3.9688475,
            "max": 4.155911,
            "p(90)": 4.1184983
        }
    },
    "setup_data": {
        "initialOps": 1857,
        "startedAt": 1771508663673
    },
    "root_group": {
        "name": "",
        "path": "",
        "id": "d41d8cd98f00b204e9800998ecf8427e",
        "groups": {},
        "checks": {}
    }
}