{
    "metrics": {
        "http_req_duration": {
            "avg": 14.822426,
            "min": 10.756426,
            "med": 14.822426,
            "max": 18.888426,
            "p(90)": 18.075226,
            "p(95)": 18.481825999999998
        },
        "ws_connect_failures_total": {
            "count": 20,
            "rate": 166.18920784235573
        },
        "http_req_receiving": {
            "avg": 10.7755275,
            "min": 7.003903,
            "med": 10.7755275,
            "max": 14.547152,
            "p(90)": 13.7928271,
            "p(95)": 14.16998955
        },
        "iterations": {
            "count": 10,
            "rate": 83.09460392117786
        },
        "data_received": {
            "count": 254662,
            "rate": 2116103.8023774996
        },
        "ws_connecting": {
            "avg": 7.3676691000000005,
            "min": 5.665388,
            "med": 7.5516000000000005,
            "max": 8.890366,
            "p(90)": 8.3049548,
            "p(95)": 8.70908985
        },
        "http_req_blocked": {
            "med": 24.494708,
            "max": 46.93994,
            "p(90)": 42.4508936,
            "p(95)": 44.6954168,
            "avg": 24.494708,
            "min": 2.049476
        },
        "ws_sessions": {
            "count": 20,
            "rate": 166.18920784235573
        },
        "http_req_connecting": {
            "avg": 1.9365164999999998,
            "min": 1.838458,
            "med": 1.9365164999999998,
            "max": 2.034575,
            "p(90)": 2.0149633,
            "p(95)": 2.02476915
        },
        "http_req_waiting": {
            "avg": 3.881934,
            "min": 3.533604,
            "med": 3.881934,
            "max": 4.230264,
            "p(90)": 4.160598,
            "p(95)": 4.195431
        },
        "http_req_tls_handshaking": {
            "p(90)": 0,
            "p(95)": 0,
            "avg": 0,
            "min": 0,
            "med": 0,
            "max": 0
        },
        "ws_session_duration": {
            "max": 9.044479,
            "p(90)": 8.3572793,
            "p(95)": 8.9205876,
            "avg": 7.448111149999998,
            "min": 5.766496,
            "med": 7.594704
        },
        "reconnect_success_total": {
            "count": 10,
            "rate": 83.09460392117786
        },
        "http_reqs": {
            "count": 2,
            "rate": 16.61892078423557
        },
        "http_req_sending": {
            "avg": 0.16496450000000001,
            "min": 0.11101,
            "med": 0.16496450000000001,
            "max": 0.218919,
            "p(90)": 0.2081281,
            "p(95)": 0.21352355
        },
        "iteration_duration": {
            "min": 12.406067,
            "med": 14.87088,
            "max": 17.299589,
            "p(90)": 17.0346056,
            "p(95)": 17.167097300000002,
            "avg": 15.1916773
        },
        "http_req_failed": {
            "passes": 0,
            "fails": 2,
            "value": 0
        },
        "reconnect_attempts_total": {
            "count": 10,
            "rate": 83.09460392117786
        },
        "http_req_duration{expected_response:true}": {
            "min": 10.756426,
            "med": 14.822426,
            "max": 18.888426,
            "p(90)": 18.075226,
            "p(95)": 18.481825999999998,
            "avg": 14.822426
        },
        "data_sent": {
            "count": 8876,
            "rate": 73754.77044043747
        }
    },
    "setup_data": {
        "initialOps": 191632,
        "startedAt": 1771508389485
    },
    "root_group": {
        "path": "",
        "id": "d41d8cd98f00b204e9800998ecf8427e",
        "groups": {},
        "checks": {},
        "name": ""
    }
}