{
    "root_group": {
        "id": "d41d8cd98f00b204e9800998ecf8427e",
        "groups": {},
        "checks": {},
        "name": "",
        "path": ""
    },
    "metrics": {
        "ws_session_duration": {
            "p(99)": 30000.913029249998,
            "avg": 4249.982389883251,
            "min": 18.899995,
            "med": 2183.5993820000003,
            "max": 30001.676714,
            "p(90)": 10706.2408175,
            "p(95)": 15092.51985825
        },
        "iteration_duration": {
            "min": 1461.287153,
            "med": 4333.1174075,
            "max": 53574.503527,
            "p(90)": 25166.6175201,
            "p(95)": 36822.89389289999,
            "p(99)": 43995.080695519995,
            "avg": 8500.489714676
        },
        "ws_connecting": {
            "max": 30001.593207,
            "p(90)": 6079.4531344,
            "p(95)": 8177.386721799999,
            "p(99)": 30000.860232180003,
            "avg": 2933.7612944207485,
            "min": 4.462,
            "med": 1666.0598175
        },
        "reconnect_attempts_total": {
            "count": 2000,
            "rate": 37.14148461776106
        },
        "ws_sessions": {
            "count": 4000,
            "rate": 74.28296923552212
        },
        "vus": {
            "value": 1,
            "min": 1,
            "max": 2000
        },
        "ws_connect_failures_total": {
            "rate": 65.01616882339073,
            "count": 3501
        },
        "http_req_duration{expected_response:true}": {
            "p(90)": 6.3486647000000005,
            "p(95)": 6.40846985,
            "p(99)": 6.45631397,
            "avg": 5.8702235,
            "min": 5.272172,
            "med": 5.8702235,
            "max": 6.468275
        },
        "move_latency_ms": {
            "avg": 111.54524434133657,
            "min": 0,
            "med": 15,
            "max": 2020,
            "p(90)": 272,
            "p(95)": 798.3999999999942,
            "p(99)": 1596
        },
        "move_latency_p99_track_ms": {
            "avg": 111.54524434133657,
            "min": 0,
            "med": 15,
            "max": 2020,
            "p(90)": 272,
            "p(95)": 798.3999999999942,
            "p(99)": 1596
        },
        "move_timeouts_total": {
            "count": 1962,
            "rate": 36.4357964100236
        },
        "http_req_duration": {
            "avg": 5.8702235,
            "min": 5.272172,
            "med": 5.8702235,
            "max": 6.468275,
            "p(90)": 6.3486647000000005,
            "p(95)": 6.40846985,
            "p(99)": 6.45631397
        },
        "http_req_connecting": {
            "avg": 2.4576195,
            "min": 1.737656,
            "med": 2.4576195,
            "max": 3.177583,
            "p(90)": 3.0335903,
            "p(95)": 3.10558665,
            "p(99)": 3.16318373
        },
        "move_sent_total": {
            "count": 263102,
            "rate": 4885.999442951085
        },
        "ws_msgs_sent": {
            "count": 263601,
            "rate": 4895.266243363216
        },
        "ws_msgs_received": {
            "count": 491601,
            "rate": 9129.395489787978
        },
        "ws_unexpected_closes": {
            "count": 499,
            "rate": 9.266800412131383
        },
        "data_sent": {
            "count": 28528221,
            "rate": 529790.240721794
        },
        "http_reqs": {
            "count": 2,
            "rate": 0.03714148461776106
        },
        "http_req_sending": {
            "p(95)": 0.13598175,
            "p(99)": 0.13832595,
            "avg": 0.1096095,
            "min": 0.080307,
            "med": 0.1096095,
            "max": 0.138912,
            "p(90)": 0.13305150000000002
        },
        "move_ack_total": {
            "count": 260353,
            "rate": 4834.948472343973
        },
        "http_req_blocked": {
            "max": 4.846235,
            "p(90)": 4.704692,
            "p(95)": 4.7754635,
            "p(99)": 4.832080700000001,
            "avg": 4.13852,
            "min": 3.430805,
            "med": 4.13852
        },
        "http_req_receiving": {
            "avg": 2.0446325,
            "min": 1.969076,
            "med": 2.0446325,
            "max": 2.120189,
            "p(90)": 2.1050777,
            "p(95)": 2.11263335,
            "p(99)": 2.11867787
        },
        "reconnect_success_total": {
            "rate": 37.14148461776106,
            "count": 2000
        },
        "http_req_tls_handshaking": {
            "p(95)": 0,
            "p(99)": 0,
            "avg": 0,
            "min": 0,
            "med": 0,
            "max": 0,
            "p(90)": 0
        },
        "data_received": {
            "rate": 3860943.4571190905,
            "count": 207904638
        },
        "vus_max": {
            "max": 2000,
            "value": 2000,
            "min": 2000
        },
        "http_req_failed": {
            "passes": 0,
            "fails": 2,
            "value": 0
        },
        "redis_ops_total": {
            "count": 6234,
            "rate": 115.77000755356121
        },
        "iterations": {
            "count": 2000,
            "rate": 37.14148461776106
        },
        "hold_duration_sec": {
            "avg": 19.882,
            "min": 10,
            "med": 20,
            "max": 30,
            "p(90)": 28,
            "p(95)": 29,
            "p(99)": 30
        },
        "http_req_waiting": {
            "p(95)": 4.21259925,
            "p(99)": 4.25674305,
            "avg": 3.7159815,
            "min": 3.164184,
            "med": 3.7159815,
            "max": 4.267779,
            "p(90)": 4.1574195
        }
    },
    "setup_data": {
        "initialOps": 9447,
        "startedAt": 1771511114170
    }
}