{
    "root_group": {
        "name": "",
        "path": "",
        "id": "d41d8cd98f00b204e9800998ecf8427e",
        "groups": {},
        "checks": {}
    },
    "metrics": {
        "ws_connecting": {
            "med": 25.828972,
            "max": 58.73034,
            "p(90)": 51.6634751,
            "p(95)": 55.54607169999998,
            "avg": 27.189311674999992,
            "min": 7.052993
        },
        "http_req_tls_handshaking": {
            "avg": 0,
            "min": 0,
            "med": 0,
            "max": 0,
            "p(90)": 0,
            "p(95)": 0
        },
        "iteration_duration": {
            "p(95)": 72.0646962,
            "avg": 55.07505442499998,
            "min": 34.36859,
            "med": 57.176508999999996,
            "max": 75.389141,
            "p(90)": 71.3135474
        },
        "data_sent": {
            "count": 69776,
            "rate": 530875.3354890025
        },
        "reconnect_success_total": {
            "count": 80,
            "rate": 608.6623887743666
        },
        "http_reqs": {
            "count": 2,
            "rate": 15.216559719359164
        },
        "data_received": {
            "rate": 2167035.919313097,
            "count": 284826
        },
        "ws_sessions": {
            "count": 160,
            "rate": 1217.3247775487332
        },
        "http_req_sending": {
            "med": 0.153213,
            "max": 0.217618,
            "p(90)": 0.204737,
            "p(95)": 0.21117750000000002,
            "avg": 0.153213,
            "min": 0.088808
        },
        "http_req_receiving": {
            "med": 11.5115685,
            "max": 16.981628,
            "p(90)": 15.8876161,
            "p(95)": 16.43462205,
            "avg": 11.5115685,
            "min": 6.041509
        },
        "http_req_blocked": {
            "avg": 4.053191,
            "min": 1.90196,
            "med": 4.053191,
            "max": 6.204422,
            "p(90)": 5.7741758,
            "p(95)": 5.9892989
        },
        "http_req_duration": {
            "avg": 15.847483,
            "min": 9.606308,
            "med": 15.847483,
            "max": 22.088658,
            "p(90)": 20.840423,
            "p(95)": 21.4645405
        },
        "http_req_waiting": {
            "p(90)": 4.8511179,
            "p(95)": 4.93466995,
            "avg": 4.1827015,
            "min": 3.347181,
            "med": 4.1827015,
            "max": 5.018222
        },
        "http_req_connecting": {
            "max": 1.960264,
            "p(90)": 1.9312417,
            "p(95)": 1.9457528499999999,
            "avg": 1.8151525,
            "min": 1.670041,
            "med": 1.8151525
        },
        "http_req_failed": {
            "passes": 0,
            "fails": 2,
            "value": 0
        },
        "ws_session_duration": {
            "max": 58.760642,
            "p(90)": 51.7637231,
            "p(95)": 55.571963699999976,
            "avg": 27.26113895625,
            "min": 7.145001,
            "med": 25.859625
        },
        "reconnect_attempts_total": {
            "count": 80,
            "rate": 608.6623887743666
        },
        "iterations": {
            "count": 80,
            "rate": 608.6623887743666
        },
        "http_req_duration{expected_response:true}": {
            "p(95)": 21.4645405,
            "avg": 15.847483,
            "min": 9.606308,
            "med": 15.847483,
            "max": 22.088658,
            "p(90)": 20.840423
        }
    },
    "setup_data": {
        "initialOps": 172997,
        "startedAt": 1771508167877
    }
}