{
    "metrics": {
        "http_req_tls_handshaking": {
            "avg": 0,
            "min": 0,
            "med": 0,
            "max": 0,
            "p(90)": 0,
            "p(95)": 0
        },
        "http_req_failed": {
            "passes": 0,
            "fails": 2,
            "value": 0
        },
        "ws_connecting": {
            "avg": 16.524482883333338,
            "min": 6.103728,
            "med": 16.9250145,
            "max": 26.685408,
            "p(90)": 24.7160786,
            "p(95)": 25.9526394
        },
        "ws_sessions": {
            "count": 60,
            "rate": 685.6063830228502
        },
        "http_req_blocked": {
            "p(95)": 4.601733299999999,
            "avg": 3.488652,
            "min": 2.251895,
            "med": 3.488652,
            "max": 4.725409,
            "p(90)": 4.4780576
        },
        "reconnect_attempts_total": {
            "rate": 342.8031915114251,
            "count": 30
        },
        "http_req_duration": {
            "avg": 15.032000499999999,
            "min": 11.332181,
            "med": 15.032000499999999,
            "max": 18.73182,
            "p(90)": 17.9918561,
            "p(95)": 18.36183805
        },
        "iteration_duration": {
            "p(95)": 36.2339148,
            "avg": 33.6645959,
            "min": 27.958819,
            "med": 34.2514635,
            "max": 36.710276,
            "p(90)": 35.878114399999994
        },
        "http_reqs": {
            "rate": 22.853546100761672,
            "count": 2
        },
        "http_req_receiving": {
            "p(90)": 14.507684600000001,
            "p(95)": 14.8802018,
            "avg": 11.527547,
            "min": 7.802375,
            "med": 11.527547,
            "max": 15.252719
        },
        "reconnect_success_total": {
            "count": 30,
            "rate": 342.8031915114251
        },
        "iterations": {
            "count": 30,
            "rate": 342.8031915114251
        },
        "http_req_connecting": {
            "avg": 1.9481685,
            "min": 1.85226,
            "med": 1.9481685,
            "max": 2.044077,
            "p(90)": 2.0248953000000003,
            "p(95)": 2.03448615
        },
        "http_req_waiting": {
            "med": 3.403795,
            "max": 3.427897,
            "p(90)": 3.4230766000000004,
            "p(95)": 3.4254868000000003,
            "avg": 3.403795,
            "min": 3.379693
        },
        "data_sent": {
            "count": 26276,
            "rate": 300249.88867180684
        },
        "ws_session_duration": {
            "avg": 16.586331533333336,
            "min": 6.345249,
            "med": 16.9407155,
            "max": 26.783117,
            "p(90)": 24.7541911,
            "p(95)": 25.974816699999998
        },
        "http_req_sending": {
            "avg": 0.1006585,
            "min": 0.099408,
            "med": 0.1006585,
            "max": 0.101909,
            "p(90)": 0.1016589,
            "p(95)": 0.10178395
        },
        "data_received": {
            "count": 262188,
            "rate": 2995962.7725332505
        },
        "http_req_duration{expected_response:true}": {
            "p(95)": 18.36183805,
            "avg": 15.032000499999999,
            "min": 11.332181,
            "med": 15.032000499999999,
            "max": 18.73182,
            "p(90)": 17.9918561
        }
    },
    "setup_data": {
        "startedAt": 1771508316151,
        "initialOps": 185231
    },
    "root_group": {
        "name": "",
        "path": "",
        "id": "d41d8cd98f00b204e9800998ecf8427e",
        "groups": {},
        "checks": {}
    }
}