{
    "root_group": {
        "name": "",
        "path": "",
        "id": "d41d8cd98f00b204e9800998ecf8427e",
        "groups": {},
        "checks": {}
    },
    "metrics": {
        "vus_max": {
            "min": 1000,
            "max": 1000,
            "value": 1000
        },
        "http_req_failed": {
            "passes": 0,
            "fails": 4,
            "value": 0
        },
        "http_req_connecting": {
            "p(95)": 2.4662850499999998,
            "avg": 1.11901575,
            "min": 0,
            "med": 0.9559775,
            "max": 2.564108,
            "p(90)": 2.3684621000000003
        },
        "ws_session_duration": {
            "med": 225.8178155,
            "max": 441.913641,
            "p(90)": 344.1164392,
            "p(95)": 363.00926705,
            "avg": 222.54199776250022,
            "min": 13.407087
        },
        "ws_connecting": {
            "max": 441.878039,
            "p(90)": 344.0780161,
            "p(95)": 362.98231415000004,
            "avg": 222.49052022150036,
            "min": 13.378485,
            "med": 225.796113
        },
        "http_reqs": {
            "count": 4,
            "rate": 4.022704761145735
        },
        "http_req_tls_handshaking": {
            "med": 0,
            "max": 0,
            "p(90)": 0,
            "p(95)": 0,
            "avg": 0,
            "min": 0
        },
        "redis_ops_total": {
            "count": 77,
            "rate": 77.43706665205539
        },
        "http_req_duration{expected_response:true}": {
            "max": 20.494562,
            "p(90)": 20.046295699999998,
            "p(95)": 20.27042885,
            "avg": 15.35212,
            "min": 10.090218,
            "med": 15.41185
        },
        "http_req_waiting": {
            "max": 5.639157,
            "p(90)": 5.1752595,
            "p(95)": 5.407208249999999,
            "avg": 4.059329249999999,
            "min": 2.944639,
            "med": 3.8267605
        },
        "http_req_blocked": {
            "avg": 2.7326715000000004,
            "min": 0.005801,
            "med": 1.3680104999999998,
            "max": 8.188864,
            "p(90)": 6.5505811000000005,
            "p(95)": 7.369722549999999
        },
        "data_sent": {
            "count": 795532,
            "rate": 800047.5910109472
        },
        "vus": {
            "max": 320,
            "value": 320,
            "min": 320
        },
        "http_req_sending": {
            "min": 0.041903,
            "med": 0.075906,
            "max": 0.284723,
            "p(90)": 0.22738850000000005,
            "p(95)": 0.2560557499999999,
            "avg": 0.11960950000000001
        },
        "iterations": {
            "count": 1000,
            "rate": 1005.6761902864338
        },
        "http_req_receiving": {
            "avg": 11.17318125,
            "min": 6.142299,
            "med": 10.8373785,
            "max": 16.875669,
            "p(90)": 16.257138599999998,
            "p(95)": 16.566403799999996
        },
        "iteration_duration": {
            "p(95)": 647.3115756,
            "avg": 545.6781682059994,
            "min": 171.708927,
            "med": 612.9346619999999,
            "max": 674.877236,
            "p(90)": 643.2649811
        },
        "data_received": {
            "count": 1125997,
            "rate": 1132388.3732339535
        },
        "ws_sessions": {
            "count": 2000,
            "rate": 2011.3523805728676
        },
        "http_req_duration": {
            "max": 20.494562,
            "p(90)": 20.046295699999998,
            "p(95)": 20.27042885,
            "avg": 15.35212,
            "min": 10.090218,
            "med": 15.41185
        }
    },
    "setup_data": {
        "initialOps": 90357,
        "initialSettlements": 0,
        "startedAt": 1771507108204
    }
}