{
    "root_group": {
        "name": "",
        "path": "",
        "id": "d41d8cd98f00b204e9800998ecf8427e",
        "groups": {},
        "checks": {}
    },
    "metrics": {
        "http_req_blocked": {
            "avg": 2.98315825,
            "min": 0.0049,
            "med": 2.8642239999999997,
            "max": 6.199285,
            "p(90)": 6.0555436,
            "p(95)": 6.1274143
        },
        "data_sent": {
            "count": 174352,
            "rate": 457904.8128164246
        },
        "http_req_waiting": {
            "avg": 5.0912725000000005,
            "min": 3.485572,
            "med": 4.10177,
            "max": 8.675978,
            "p(90)": 7.392387500000002,
            "p(95)": 8.03418275
        },
        "ws_session_duration": {
            "max": 102.088578,
            "p(90)": 81.0576743,
            "p(95)": 97.0876773,
            "avg": 59.39324114500001,
            "min": 12.150349,
            "med": 56.1685395
        },
        "http_req_duration": {
            "p(95)": 15.5274839,
            "avg": 11.88725425,
            "min": 8.755584,
            "med": 11.446345,
            "max": 15.900743,
            "p(90)": 15.154224800000001
        },
        "http_req_failed": {
            "passes": 0,
            "fails": 4,
            "value": 0
        },
        "ws_connecting": {
            "avg": 59.34124884000009,
            "min": 12.133948,
            "med": 56.143986999999996,
            "max": 102.055876,
            "p(90)": 80.86361930000001,
            "p(95)": 97.0522293
        },
        "iterations": {
            "rate": 525.2647664683223,
            "count": 200
        },
        "ws_sessions": {
            "rate": 1050.5295329366445,
            "count": 400
        },
        "data_received": {
            "count": 554357,
            "rate": 1455921.0007253985
        },
        "http_req_duration{expected_response:true}": {
            "avg": 11.88725425,
            "min": 8.755584,
            "med": 11.446345,
            "max": 15.900743,
            "p(90)": 15.154224800000001,
            "p(95)": 15.5274839
        },
        "iteration_duration": {
            "max": 279.792366,
            "p(90)": 254.5580444,
            "p(95)": 262.21993249999997,
            "avg": 219.5177064899999,
            "min": 169.957182,
            "med": 212.56796200000002
        },
        "http_req_sending": {
            "avg": 0.148237,
            "min": 0.054505,
            "med": 0.11360900000000002,
            "max": 0.311225,
            "p(90)": 0.2658014,
            "p(95)": 0.2885131999999999
        },
        "http_reqs": {
            "count": 4,
            "rate": 10.505295329366446
        },
        "http_req_tls_handshaking": {
            "med": 0,
            "max": 0,
            "p(90)": 0,
            "p(95)": 0,
            "avg": 0,
            "min": 0
        },
        "http_req_connecting": {
            "med": 1.0820345,
            "max": 5.717146,
            "p(90)": 4.6512229000000005,
            "p(95)": 5.184184449999998,
            "avg": 1.9703037499999998,
            "min": 0
        },
        "http_req_receiving": {
            "max": 8.960501,
            "p(90)": 8.346412700000002,
            "p(95)": 8.65345685,
            "avg": 6.64774475,
            "min": 4.881982,
            "med": 6.374248
        }
    },
    "setup_data": {
        "initialOps": 87877,
        "initialSettlements": 0,
        "startedAt": 1771507075198
    }
}