{
    "root_group": {
        "name": "",
        "path": "",
        "id": "d41d8cd98f00b204e9800998ecf8427e",
        "groups": {},
        "checks": {}
    },
    "metrics": {
        "data_received": {
            "count": 796997,
            "rate": 1140116.7798118335
        },
        "ws_connecting": {
            "max": 325.225268,
            "p(90)": 211.4102501,
            "p(95)": 241.25972569999996,
            "avg": 159.37556158799987,
            "min": 44.386581,
            "med": 164.548845
        },
        "iteration_duration": {
            "min": 224.922251,
            "med": 442.28232549999996,
            "max": 571.544594,
            "p(90)": 480.0092536,
            "p(95)": 501.51481179999996,
            "avg": 419.48692024999997
        },
        "http_req_blocked": {
            "p(95)": 4.47198535,
            "avg": 1.8773557500000002,
            "min": 0.004901,
            "med": 1.361463,
            "max": 4.781596,
            "p(90)": 4.162374700000001
        },
        "http_req_tls_handshaking": {
            "p(90)": 0,
            "p(95)": 0,
            "avg": 0,
            "min": 0,
            "med": 0,
            "max": 0
        },
        "http_req_duration{expected_response:true}": {
            "avg": 15.253165,
            "min": 12.146207,
            "med": 15.527287999999999,
            "max": 17.811877,
            "p(90)": 17.2175278,
            "p(95)": 17.514702399999997
        },
        "http_req_connecting": {
            "avg": 1.0803895000000001,
            "min": 0,
            "med": 0.883673,
            "max": 2.554212,
            "p(90)": 2.3181522,
            "p(95)": 2.4361821
        },
        "redis_ops_total": {
            "count": 75,
            "rate": 107.28868300117506
        },
        "http_req_duration": {
            "avg": 15.253165,
            "min": 12.146207,
            "med": 15.527287999999999,
            "max": 17.811877,
            "p(90)": 17.2175278,
            "p(95)": 17.514702399999997
        },
        "ws_sessions": {
            "count": 1000,
            "rate": 1430.5157733490007
        },
        "http_req_receiving": {
            "max": 14.763024,
            "p(90)": 14.1121803,
            "p(95)": 14.43760215,
            "avg": 11.48160225,
            "min": 7.458418,
            "med": 11.8524835
        },
        "http_req_failed": {
            "passes": 0,
            "fails": 4,
            "value": 0
        },
        "ws_session_duration": {
            "med": 164.567897,
            "max": 325.240269,
            "p(90)": 211.42761220000003,
            "p(95)": 241.28425269999994,
            "avg": 159.43967371899998,
            "min": 44.412583
        },
        "http_reqs": {
            "count": 4,
            "rate": 5.722063093396003
        },
        "http_req_sending": {
            "avg": 0.086332,
            "min": 0.051804,
            "med": 0.063955,
            "max": 0.165614,
            "p(90)": 0.13576130000000003,
            "p(95)": 0.15068764999999998
        },
        "http_req_waiting": {
            "avg": 3.68523075,
            "min": 2.982748,
            "med": 3.561095,
            "max": 4.635985,
            "p(90)": 4.4603803,
            "p(95)": 4.548182649999999
        },
        "data_sent": {
            "count": 435352,
            "rate": 622777.9029590342
        },
        "iterations": {
            "count": 500,
            "rate": 715.2578866745004
        }
    },
    "setup_data": {
        "initialOps": 88981,
        "initialSettlements": 0,
        "startedAt": 1771507090931
    }
}