{
    "root_group": {
        "name": "",
        "path": "",
        "id": "d41d8cd98f00b204e9800998ecf8427e",
        "groups": {},
        "checks": {}
    },
    "metrics": {
        "iteration_duration": {
            "avg": 253.58642877499997,
            "min": 131.306374,
            "med": 258.267988,
            "max": 299.897235,
            "p(90)": 287.58547569999996,
            "p(95)": 289.46556115
        },
        "iterations": {
            "count": 200,
            "rate": 508.1127879092814
        },
        "http_req_blocked": {
            "avg": 2.9327430000000003,
            "min": 0.004901,
            "med": 1.7681465,
            "max": 8.189778,
            "p(90)": 6.7920522000000005,
            "p(95)": 7.490915099999999
        },
        "ws_connecting": {
            "avg": 76.1284316975,
            "min": 4.920807,
            "med": 75.8409305,
            "max": 155.217954,
            "p(90)": 115.39927600000001,
            "p(95)": 121.56051134999993
        },
        "ws_session_duration": {
            "p(95)": 121.68381694999992,
            "avg": 76.1910323475,
            "min": 5.007914,
            "med": 75.8652825,
            "max": 155.262358,
            "p(90)": 115.4183379
        },
        "http_req_duration": {
            "med": 7.701487500000001,
            "max": 10.134939,
            "p(90)": 9.4678938,
            "p(95)": 9.801416399999999,
            "avg": 8.07841875,
            "min": 6.775761
        },
        "http_req_failed": {
            "passes": 0,
            "fails": 4,
            "value": 0
        },
        "redis_ops_total": {
            "count": 53,
            "rate": 134.64988879595958
        },
        "http_req_connecting": {
            "avg": 1.5853065,
            "min": 0,
            "med": 1.4882235,
            "max": 3.364779,
            "p(90)": 3.2482794,
            "p(95)": 3.3065292
        },
        "http_req_tls_handshaking": {
            "p(95)": 0,
            "avg": 0,
            "min": 0,
            "med": 0,
            "max": 0,
            "p(90)": 0
        },
        "http_req_sending": {
            "avg": 0.16408825,
            "min": 0.044303,
            "med": 0.12080999999999999,
            "max": 0.37043,
            "p(90)": 0.3164558,
            "p(95)": 0.3434428999999999
        },
        "http_req_receiving": {
            "avg": 3.6479272500000004,
            "min": 2.759529,
            "med": 3.6121990000000004,
            "max": 4.607782,
            "p(90)": 4.3747525000000005,
            "p(95)": 4.49126725
        },
        "ws_sessions": {
            "count": 400,
            "rate": 1016.2255758185628
        },
        "http_req_duration{expected_response:true}": {
            "p(95)": 9.801416399999999,
            "avg": 8.07841875,
            "min": 6.775761,
            "med": 7.701487500000001,
            "max": 10.134939,
            "p(90)": 9.4678938
        },
        "data_sent": {
            "count": 174352,
            "rate": 442952.4039877952
        },
        "http_reqs": {
            "count": 4,
            "rate": 10.162255758185628
        },
        "http_req_waiting": {
            "p(90)": 4.8238194000000005,
            "p(95)": 4.9902732,
            "avg": 4.266403250000001,
            "min": 3.889922,
            "med": 4.009482,
            "max": 5.156727
        },
        "data_received": {
            "count": 429051,
            "rate": 1090031.4988263254
        }
    },
    "setup_data": {
        "initialOps": 74924,
        "initialSettlements": 0,
        "startedAt": 1771506863095
    }
}